ZCR Mean,ZCR Median,ZCR Std Deviasi,ZCR Skewness,ZCR Kurtosis
0.025910006966560508,0.0234375,0.01347910007152653,1.3587503470224784,1.7428626623426986
