ZCR Mean,ZCR Median,ZCR Std Deviasi,ZCR Skewness,ZCR Kurtosis
0.1494140625,0.12548828125,0.12142799003889887,2.510069377146537,6.556584045719259
